level,tag name,label,notes,Summer 2025 Lyra R Edits
0,,Population,,
1,,Geography,,
2,,Regions,,
3,africa,Africa,,
3,baltic,Baltic,,
3,caribbean,Caribbean,,
3,centralamerica,Central America,,
3,eu,EU,,
3,europe,Europe,,
3,holland,Holland,,
3,latinamerica,Latin America,,
3,middleeast,Middle East,,
3,quebec,Québec,,"added, tagged articles revised"
3,scandinavia,Scandinavia,,
3,subsaharan,Sub-Saharan Africa,,
2,,Countries,,
3,afghanistan,Afghanistan,,
3,albania,Albania,,
3,algeria,Algeria,,
3,angola,Angola,,
3,argentina,Argentina,,
3,armenia,Armenia,,
3,australia,Australia,,
3,azerbaijan,Azerbaijan,,
3,bangladesh,Bangladesh,,
3,belgium,Belgium,,
3,belize,Belize,,
3,benin,Benin,,
3,bhutan,Bhutan,,
3,bolivia,Bolivia,,
3,bosnia,Bosnia,,
3,botswana,Botswana,,
3,brazil,Brazil,,
3,britain,Britain,"see also ""United Kingdom""","direction to ""unitedkingdom"" tag"
3,bulgaria,Bulgaria,,
3,burkinafaso,Burkina faso,,
3,burma,Burma,"see also ""Myanmar""","direction to ""myanmar"" tag"
3,burundi,Burundi,,
3,cambodia,Cambodia,,
3,cameroon,Cameroon,,
3,canada,Canada,,
3,capeverde,Cape Verde,,
3,centralafricanrepublic,Central African Republic,,
3,chad,Chad,,
3,chile,Chile,,
3,china,China,,
3,colombia,Colombia,,
3,comoros,Comoros,,
3,congo,Congo,,
3,costarica,Costa Rica,,
3,coted'ivoire,Cote d'Ivoire,,
3,croatia,Croatia,,
3,cyprus,Cyprus,,
3,czechrepublic,Czech Republic,,
3,denmark,Denmark,,
3,djibouti,Djibouti,,
3,dominicanrepublic,Dominican Republic,,
3,drcongo,DR Congo,,
3,ecuador,Ecuador,,
3,egypt,Egypt,,
3,elsalvador,El Salvador,,
3,england,England,,
3,eritrea,Eritrea,,
3,estonia,Estonia,,
3,ethiopia,Ethiopia,,
3,finland,Finland,,
3,france,France,,
3,gabon,Gabon,,
3,gambia,Gambia,,
3,ghana,Ghana,,
3,georgia-country,Georgia,,
3,germany,Germany,,
3,greatyarmouth,Great Yarmouth,,
3,greece,Greece,,
3,guatemala,Guatemala,,
3,guinea,Guinea,,
3,guinea-bissau,Guinea-Bissau,,
3,guyana,Guyana,,
3,haiti,Haiti,,
3,honduras,Honduras,,
3,hungary,Hungary,,
3,iceland,Iceland,,
3,india,India,,
3,indonesia,Indonesia,,
3,iran,Iran,,
3,iraq,Iraq,,
3,ireland,Ireland,,
3,israel,Israel,,
3,istanbul,Istanbul,,
3,italy,Italy,,
3,jamaica,Jamaica,,
3,japan,Japan,,
3,jordan,Jordan,,
3,kazakhstan,Kazakhstan,,
3,kenya,Kenya,,
3,korea,Korea,,
3,kosovo,Kosovo,,
3,kyrgyzstan,Kyrgyzstan,,
3,latvia,Latvia,,
3,lebanon,Lebanon,,
3,lesotho,Lesotho,,
3,liberia,Liberia,,
3,libya,Libya,,
3,lima,Lima,,
3,macedonia,Macedonia,,
3,madagascar,Madagascar,,
3,malawi,Malawi,,
3,malaysia,Malaysia,,
3,maldives,Maldives,,
3,mali,Mali,,
3,mauritania,Mauritania,,
3,mauritius,Mauritius,,
3,mexico,Mexico,,
3,moldova,Moldova,,
3,mongolia,Mongolia,,
3,morocco,Morocco,,
3,mozambique,Mozambique,,
3,myanmar,Myanmar,"see also ""Burma"" ","direction to ""burma"" tag"
3,namibia,Namibia,,
3,nepal,Nepal,,
3,netherlands,Netherlands,,
3,newzealand,New Zealand,,
3,nicaragua,Nicaragua,,
3,niger,Niger,,
3,nigeria,Nigeria,,
3,norfolk,Norfolk,,
3,northkorea,North Korea,,
3,norway,Norway,,
3,pakistan,Pakistan,,
3,papuanewguinea,Papua New Guinea,,
3,palestine,Palestine,,
3,panama,Panama,,
3,peru,Peru,,
3,philippines,Philippines,,
3,poland,Poland,,
3,portugal,Portugal,,
3,romania,Romania,,
3,russia,Russia,,
3,rwanda,Rwanda,,
3,saotomeandprincipe,Sao Tome and Principe,,
3,saudiarabia,Saudi Arabia,,
3,scotland,Scotland,,
3,senegal,Senegal,,
3,serbia,Serbia,,
3,seychelles,Seychelles,,
3,sierraleone,Sierra Leone,,
3,singapore,Singapore,,
3,slovakia,Slovakia,,
3,somalia,Somalia,,
3,southafrica,South Africa,,
3,southkorea,South Korea,,
3,southsudan,South Sudan,,
3,sovietunion,Soviet Union,,
3,spain,Spain,,
3,srilanka,Sri Lanka,,
3,sudan,Sudan,,
3,swaziland,Swaziland,,
3,sweden,Sweden,,
3,syria,Syria,,
3,taiwan,Taiwan,,
3,tajikistan,Tajikistan,,
3,tanzania,Tanzania,,
3,thailand,Thailand,,
3,timorleste,Timor-Leste,,
3,togo,Togo,,
3,trinidad,Trinidad,,
3,tunisia,Tunisia,,
3,turkey,Turkey (Türkiye),,added Türkiye
3,uganda,Uganda,,
3,ukraine,Ukraine,,
3,unitedkingdom,United Kingdom,"see also ""Britain""","direction to ""britain"" tag"
3,unitedstates,United States,,
3,uruguay,Uruguay,,
3,venezuela,Venezuela,,
3,vietnam,Vietnam,,
3,wales,Wales,,
3,yemen,Yemen,,
3,yugoslavia,Yugoslavia,,
3,zambia,Zambia,,
3,zimbabwe,Zimbabwe,,
2,,U.S. states and territories,,
3,al,Alabama,,
3,ak,Alaska,,
3,az,Arizona,,
3,ar,Arkansas,,
3,ca,California,,
3,co,Colorado,,
3,ct,Connecticut,,
3,de,Delaware,,
3,fl,Florida,,
3,ga,Georgia,,
3,hi,Hawaii,,
3,id,Idaho,,
3,ia,Iowa,,
3,il,Illinois,,
3,in,Indiana,,
3,ks,Kansas,,
3,ky,Kentucky,,
3,la,Louisiana,,
3,ma,Massachusetts,,
3,me,Maine,,
3,md,Maryland,,
3,mi,Michigan,,
3,mn,Minnesota,,
3,mo,Missouri,,
3,ms,Mississippi,,
3,mt,Montana,,
3,nc,North Carolina,,
3,nd,North Dakota,,
3,ne,Nebraska,,
3,nh,New Hampshire,,
3,nj,New Jersey,,
3,nm,New Mexico,,
3,nv,Nevada,,
3,ny,New York,,
3,oh,Ohio,,
3,ok,Oklahoma,,
3,or,Oregon,,
3,pa,Pennsylvania,,
3,ri,Rhode Island,,
3,sc,South Carolina,,
3,sd,South Dakota,,
3,tn,Tennessee,,
3,tx,Texas,,
3,ut,Utah,,
3,va,Virginia,,
3,vt,Vermont,,
3,wa,Washington,,
3,wi,Wisconsin,,
3,wv,West Virginia,,
3,wy,Wyoming,,
3,pr,Puerto Rico,,"newly added, tagged articles revised"
2,,Cities,,
3,accra,Accra,,
3,adama,Adama,,
3,adelaide,Adelaide,,
3,albany,Albany,,
3,amsterdam,Amsterdam,,
3,athens,Athens,,
3,atlanta,Atlanta,,
3,auckland,Auckland,,
3,augusta,Augusta,,
3,baltimore,Baltimore,,
3,bangalore,Bangalore,,
3,barahona,Barahona,,
3,bartlesville,Bartlesville,,
3,beijing,Beijing,,
3,berlin,Berlin,,
3,bogota,Bogotá,,
3,bombay,Bombay,,
3,boston,Boston,,
3,brussels,Brussels,,
3,buenosaires,Buenos Aires,,
3,buffalo,Buffalo,,
3,cairo,Cairo,,
3,calcutta,Calcutta,,
3,calgary,Calgary,,
3,capetown,Cape Town,,
3,charlotte,Charlotte,,
3,chiapas,Chiapas,,
3,chicago,Chicago,,
3,cincinnati,Cincinnati,,
3,christchurch,Christchurch,,
3,ciudadjuarez,Ciudad Juarez,,
3,cleveland,Cleveland,,
3,columbus,Columbus,,
3,cordoba,Córdoba,,
3,dajabon,Dajabon,,
3,dallas,Dallas,,
3,delhi,Delhi,,
3,denver,Denver,,
3,detroit,Detroit,,
3,dublin,Dublin,,
3,duluth,Duluth,,
3,dunedin,Dunedin,,
3,edmonton,Edmonton,,
3,elpaso,El Paso,,
3,fortworth,Fort Worth,,
3,fresno,Fresno,,
3,geneva,Geneva,,
3,gujarat,Gujarat,,
3,guangzhou,Guangzhou,,
3,johannesburg,Johannesburg,,
3,hanoi,Hanoi,,
3,hartford,Hartford,,
3,hawassa,Hawassa,,
3,hennepin,Hennepin,,
3,hongkong,Hong Kong,,
3,houston,Houston,,
3,indianapolis,Indianapolis,,
3,independencia,Independencia,,
3,iowacity,Iowa City,,
3,juarez,Juarez,,
3,kabul,Kabul,,
3,kansascity,Kansas City,,
3,kerala,Kerala,,
3,kibera,Kibera,,
3,knoxville,Knoxville,,
3,kolkata,Kolkata,,
3,lagos,Lagos,,
3,lansing,Lansing,,
3,lasvegas,Las Vegas,,
3,lescayes,Les Cayes,,
3,laaltagracia,La Altagracia,,
3,lexington,Lexington,,
3,london,London,,
3,losangeles,Los Angeles,,
3,madrid,Madrid,,
3,melbourne,Melbourne,,
3,memphis,Memphis,,
3,miami,Miami,,
3,milwaukee,Milwaukee,,
3,minneapolis,Minneapolis,,
3,montreal,Montreal,,
3,moscow,Moscow,,
3,mumbai,Mumbai,,
3,nairobi,Nairobi,,
3,nashville,Nashville,,
3,newdelhi,New Delhi,,
3,newengland,New England,,
3,newhaven,New Haven,,
3,neworleans,New Orleans,,
3,newyorkcity,New York City,,
3,norfolk,Norfolk,,
3,oaxaca,Oaxaca,,
3,oklahomacity,Oklahoma City,,
3,ontario,Ontario,,
3,omaha,Omaha,,
3,oslo,Oslo,,
3,paris,Paris,,
3,perth,Perth,,
3,philadelphia,Philadelphia,,
3,pittsburgh,Pittsburgh,,
3,portland,Portland,,
3,pretoria,Pretoria,,
3,providence,Providence,,
3,puertoplata,Puerto Plata,,
3,pune,Pune,,
3,quebeccity,Quebec City,,
3,quincy,Quincy,,
3,reno,Reno,,
3,richmond,Richmond,,
3,riodejaneiro,Rio de Janeiro,,
3,rome,Rome,,
3,sacramento,Sacramento,,
3,saintlouis,Saint Louis,,
3,saintpaul,Saint Paul,,
3,saintpetersburg,Saint Petersburg,,
3,sanantonio,San Antonio,,
3,sandiego,San Diego,,
3,sanfrancisco,San Francisco,,
3,santiago,Santiago,,
3,santodomingo,Santo Domingo,,
3,saopaulo,Saint Paul,,
3,seattle,Seattle,,
3,shanghai,Shanghai,,
3,sydney,Sydney,,
3,tegucigalpa,Tegucigalpa,,
3,tijuana,Tijuana,,
3,tokyo,Tokyo,,
3,toronto,Toronto,,
3,tuscan,Tuscan,,
3,vancouver,Vancouver,,
3,victoria,Victoria,,
3,warsaw,Warsaw,,
3,washingtondc,"Washington, DC",,
3,worcester,Worcester,,
3,zurich,Zurich,,
1,,Demographics,,
2,class,Class,refers to social and socioeconomic class as a category of analysis ,
3,low,Low income,"refers to low-income people / populations or issues that impact or foreground lower-income people, populations, or class status",
3,mid,Middle-income / middle class,"refers to middle-income people / populations or issues that impact or foreground middle-income people, populations, or class status",
3,up,High-income / upper class,"refers to high-income people / populations or issues that impact or foreground high-income people, populations, or upper-class status",
2,density,Population density,refers to population density as a category of analysis,
3,urban,Urban,refers to high population density in urban areas,
3,suburban,Suburban,refers to medium population density in suburban areas,
3,rural,Rural,refers to low population density in rural areas,
2,gender,Sex and gender,refers to sex and gender as categories of analysis,
3,man,Man,refers to people who identify as a man or issues that focus specifically on men as group / study population,
3,woman,Woman,refers to people who identify as a woman or issues that focus specifically on men as group / study population,
3,trans,Transgender,refers to people who currently identify or previously identified as transgender or transitioning or issues that foreground or centrally impact trans people / populations,
3,intersex,Intersex,refers to people who identify or are identified as intersex (an individual who does not fit into predetermined biological sex categories),
2,edulevel,Educational level,"refers to education level as a general category of analysis (for issues of educational structures as limiting or sites of oppression, see “op”)",new tag and category
3,primary,Primary education,"refers to people who have limited formal education; in the U.S., a primary (elementary school) education or to issues focused on this population",new tag
3,secondary,Secondary education,"refers to people who have (at least) some high school education, or who have earned a high school diploma or its equivalent (e.g., in the U.S., high school but no advanced work) or to issues focused on this population",new tag
3,highered,Higher education,refers to people who have (at least) some college education or have earned a college degree or to issues focused on this population,new tag
2,age,Age,refers to age as a category of analysis,
3,agechild,Child,"refers to children, roughly ages 0-11",
3,teen,Teen,"refers to teens and pre-teens, roughly ages 11-18",
3,ya,Young adult,"refers to young adults, roughly ages 18-25",
3,senior,Senior,"refers to older adults, roughly 65 and above",
2,marital,Relationship / marital status,refers to relationship / marital status as a category of analysis (see also “Polygamy / polyamory” for polygamous marriage),
3,married,Married,refers to people in legal marriages,
3,divorce,Divorced  ,refers to people who are legally divorced,
3,separation,Separated ,"refers to people who are separated, either legally or non-legally",
3,cohabitation,Cohabitating,refers to people living with a significant other in a domestic partnership but not legally married,
3,single,Single,refers to people not married or cohabitating with a significant other,
3,widow,Widows and widowers,refers to people who have outlived their spouse,
3,parent,Parent / parenting,refers to people who identify as parents and issues related to parenting ,relocate
2,,Immigration as legal and / or social status,,modified category
3,immigrant,Immigrant ,"refers to people who have left their country of origin and relocated elsewhere, not including refugees or asylum seeker","added layer 4 under ""immigrant"""
4,alien,Alien or non-resident,refers to temporary and long-term legal non-citizen immigrants (U.S.),
4,undocumented,Undocumented immigrant,refers to immigrants without legal status,
3,refugee,Refugee,"refers to people who have left their community of origin as a result of persecution, war, or conflict",
3,asylum,Asylum seeker,refers to people who seek legal asylum from a country other than their country of origin,
2,,Legal statuses,,modified category
3,minor,Minor,refers to people below the age of 18,
3,govsupport,People who qualify for government assistance ,"refers to people who qualify for government support, including medicare, medicaid, welfare etc., or who access universal healthcare",
3,criminal,Convicted criminal,refers to anyone who has been convicted of a crime in a court of law,
3,incarcerated,Incarcerated,"refers to people who are or have been under correctional control, including residents of a prison (incarcerated people may not be convicted criminals and vice versa, e.g. someone incarcerated before conviction)",
3,sexoffender,Sex offender,refers to people legally registered as sex offenders or required to do so by rule / statute or issues that foreground the regulation and treatment of this population,
2,,People impacted by social and environmental conflict and displacement,,"""forcedmig"" on schema as experimental tag, will be added if tagged with good number of articles"
3,disaster,Natural disaster,refers to people who have lived through natural disasters or issues that foreground the impact of natural disasters,
3,war,War and conflict ,refers to people living in areas of war and conflict who have remained in their country of origin and have not sought refuge elsewhere or issues that foreground the impact of war / conflict,
3,pandemic,Pandemic,refers to people affected by pandemic and its aftermath or issues that foreground the impact of pandemic,
3,homeless,Homelessness,refers to people who lack permanent shelter and / or research about issues of homelessness,
2,ethnicity,Race and ethnicity,refers to racial and / or ethnic background as a category of analysis (typically in an American context),
3,black,Black / African American,refers to people who identify as black and / or African-American,
3,hispanic,Hispanic,refers to people who identify as Hispanic,
3,latinx,Latino/a/e/x,refers to people who identify as Latino / Latina / Latine / Latinx,
3,southasian,Southasian,refers to people who identify as South Asian or Indian,
3,asian,Asian / Asian American,refers to people who identify as Asian and / or Asian-American,
3,white,White / Caucasian,refers to people who identify as white or Caucasian,modified tag and definition
3,indigenous,Indigenous populations,"refers to people who identify as members of an indigenous population, including Native Americans / American Indians, Native Canadians, and Aboriginal Australians",
3,mideastern,Middle Eastern,refers to people who identify as Middle Eastern and / or Arab,
2,religious,Religion and religious affiliation,"refers to members of a religious group, including religious officials or research that focuses its analysis on one or more religion, religious belonging, or religious community; also applies to articles that refer to survivors' relationship to faith, spirituality, or religion = religious (see also ""faith"")",
3,christian,Christian,"refers to people who identify as Christian or research that centers Christian faith, doctrine, belonging, or community",
4,catholic,Catholic,refers to people who identify as Catholic or research that foregrounds questions of Catholic faith or community,
3,muslim,Muslim,"refers to people who identify as Muslim or research that foregrounds questions of Islamic faith, doctrine, or community",
3,jewish,Jewish,"refers to people who identify as Jewish or research that foregrounds questions of Jewish faith, doctrine, or community",
3,hindu,Hindu,"refers to people who identify as Hindu or research that foregrounds questions of Hindu faith, doctrine, or community",
3,buddhist,Buddhist,"refers to people who identify as Buddhist or research that foregrounds questions of Buddhist faith, doctrine, or community",
3,confucian,Confucian,"refers to people who identify as Confucian or research that foregrounds questions of Confucian faith, doctrine, or community",
2,,Occupational and institutional roles and vulnerabilities (for victimization and perpetration),,
3,college,"College student, staff, or faculty","refers to students, staff, or faculty of colleges or universities",
3,socialworker,Social worker,refers to people in professional or paraprofessional roles that support and / or advocate for vulnerable populations,
3,civil,Government,refers to people who are employed by the government ,
3,military,Military personnel,refers to members of the armed forces and / or their intimate partners ,
3,police,Police / law enforcement personnel,refers to members of law enforcement agencies (i.e. police) and / or their intimate partners,"changed label name from ""intimate partner of military personnel and police officer"" to ""police officer"""
3,caregiver,Domestic worker and caregiver,"refers to domestic workers and caregivers, including in-home nurses and child care workers",
3,sexwork,Sex worker,refers to people who sell sex and other sexual services including prostitutes and sex workers,
2,,Group and social affiliations,,
3,athletics,Athletes,"refers to members of athletic teams, amateur or professional, and associated issues",
3,fraternities,Fraternities,refers to members of a (typically male) collegiate social club and related issues,
3,sororities,Sororities,refers to members of a female collegiate social club and related issues,
3,gang,Gang,refers to street gangs and other similar group / organizations,"changed label name from ""gang violence"" to ""gang"""
1,,Sexual practices,,
2,straight,Heterosexual / straight,refers to those who engage in hetersexual practices,"changed label name from ""hetero"" to ""heterosexual"""
2,poly,Polygamy / polyamory,"refers to people who engage in multiple sexual relationships with the awareness of all involved parties (for polygamous marriage, also see “marital”)","changed tag from ""multiple"" to ""poly"""
2,risky,Risky sex,"refers to people who engage in sexual practices characterized as risky by researchers, such as unprotected or substance-facilitated sex",
2,bdsm,BD / SM,"refers to those who engage in bondage, discipline / sadism, masochism as well as more general sexual practices of domination and consensual force ",
2,intergen,Inter-generational,refers to those who engage in sexual activity with an individual from a different generation,
2,qsex,Queer sexual identities and practices,refers to queer sexual identities and practices,
3,gay,Gay,refers to people who identify as gay,
3,lesbian,Lesbian,refers to people who identify as lesbian,
3,bi,Bisexual,refers to people who identify as bisexual and / or have sex with people of the same and (an)other gender(s),
3,asex,Asexual,"refers to people who identify as asexual and / or aromantic, or the sexual practice that does not include a desire for intercourse or other sexual activity",old definition: refers to the sexual practice that does not include a desire for intercourse or other sexual activity
3,msm,Men who have sex with men,"refers to men who have sex with other men, regardless of whether or not they identify as other than straight",
3,wsw,Women who have sex with women,"refers to women who have sex with women, regardless of whether or not they identify as other than straight",
1,,Health,,
2,illness,People with illness,"refers to people with an illness or disease, including chronic pain",
2,disability,People with physical disability,"refers to people with physical disabilities including but not limited to blindness, deafness, cerebral palsy (for “ableism,” see under “System of oppression”)",
2,cognitive,People with cognitive impairment,refers to people with cognitive disabilities such as down syndrome and autism,
2,mental,People with mental illness,"refers to people with mental illnesses, including mood disorders and psychotic disorders",
2,trauma,"People with trauma, including PTSD",refers to people who have experienced trauma and / or experience Post Traumatic Stress Disorder,
2,eating,People with eating disorder,refers to people who have or have had eating disorder and research that investigates eating disorders / disordered eating and its impacts,
2,selfharm,People who self-harms,refers to people who have harmed or currently harm their own body physically and research that investigates self harming practices,
2,hiv,People with HIV / AIDS,refers to people who have been diagnosed with HIV / AIDS and / or affected by HIV / AIDS and related research,
2,sti,People with STIs (not including HIV / AIDS),refers to people who have been diagnosed with (a) Sexually Transmitted Infection(s) excluding HIV / AIDS and related research,
2,drug,People who abuse drugs,refers to people who abuse drugs and research investigating drug abuse / dependency,
2,alcohol,People who abuse alcohol,refers to people who abuse alcohol and research investigating alcohol abuse / dependence,
2,pregnant,Pregnant people / pregnancy,refers to people who are or have recently been pregnant and research that foregrounds pregnancy and pregnant people,"changed label name from ""women who are pregnant"" to ""pregnant people / pregnancy"""
1,,Role,,
2,perpetrator,Perpetrator,refers to perpetrators of abuse or violence of any kind,
2,bystander,Bystander,"refers to people who are bystanders in violence, whether or not they took action to prevent, diffuse, or deflect violence, as well as programs aimed at training bystanders to take such action",was under intervention before
0,,Issues,,
1,ipv,Intimate partner violence,"refers to relationship violence that is physical, sexual and / or emotional (for non-consensual sexual acts between people who know each other including intimate partner, see also “acquaintance” under ""Sexual Violence"")",
2,dv,Domestic violence,(in this context) refers to relationship violence excluding sexual violence,
2,homicide,Intimate partner murder,refers to homicide committed by a perpetrator against a current or former intimate partner,
2,battered,Battered persons who kill,refers to homicide committed by victims / survivors of abuse against their current or former intimate partner,
1,stalk,Stalking,refers to repeated and unwanted contact directed at a specific person that causes fear or emotional distress (see also “socialmedia” for social media being a tool for surveillance / stalking),
2,cyber,Cyber stalking and other electronic aggressions,"refers to stalking, abuse, and / or harassment, in which technology and / or social media plays a significant role, including sharing sexually explicit material without consent",
1,,Children,,
2,abduct,Child abduction,refers to abduction of children,
2,childabuse,Child abuse (not including child sexual abuse),refers to physical or emotional abuse committed against children,"newly added tag, proposed label name"
2,child,Child sexual abuse,refers to sexual abuse perpetrated against children,
2,guardians,Child custody issue,refers to custody and visitation issues,
2,exposure,Child exposure to abuse,refers to children's exposure to abuse perpetrated against a parent or guardian,
2,neglect,Child neglect ,"refers to non-sexual abuse perpetrated against children, excluding cases labeled by researchers as corporal punishment (see ""corporal punishment"")",
2,corporal,Spanking and corporal punishment,"refers to corporal punishment / disciplinary violence of children, such as spanking, excluding cases labeled by researchers as physical abuse (see ""Child abuse"")",added disciplinary violence to definition
2,childsep,Separation from parents / guardian,"refers to children who have lost or been separated from their original parents / guardians as a result of death, war, natural disaster, or legal custody battles",
1,traffic,Trafficking & prostitution,"refers to sex trafficking, sexual slavery, and prostitution",
1,,Sexual violence,,
2,incest,Incest,"refers to sexual violence perpetrated by a family member of the victim / survivor, including both intergenerational and intragenerational incest",
2,rape,Non-acquaintance rape,refer to non-consensual sex (most often penetrative) perpetrated by someone the victim / survivor does not know,
2,acquaintance,Acquaintance rape,"refers to non-consensual sexual acts between people who know each other (for sexual assault between strangers, see “rape”)",moved it from under IPV
2,assault,Sexual assault,refers to any attempted or completed non-consensual sexual act,
2,multperp,Gang rape,refers to sexual assault perpetrated by a group of people against an individual,"newly added tag, labeled ""gang rape"""
2,facilitated,Drug and alcohol facilitated sexual violence,refers to sexual violence that is facilitated using drugs and / or alcohol,"added ""sexual"" violence"
2,facility,"Sexual violence in facilities, including detention, prisons, and healthcare centers","refers to sexual violence in facilities and institutions, including detention centers, prisons, and health care centers","added ""sexual"" violence"
1,harassment,Harassment,refers to harassment generally,
2,workplace,Workplace harassment,refers to Violence and / or harassment perpetrated in a place where people work,
2,bully,K-12 bully / harassment in schools,"refers to violence and harassment in K-12 schools, by and against students","added ""bully"" and deleted ""in school"" in the label name"
1,coercion,Coercion and / or non-physical violence,"refers to non-physical violence, including types of coercion involving implied or explicitly conveyed threats and forceful words / actions, such as reproductive coercion",
2,emotional,Emotional abuse / control,"refers to emotional abuse, including blaming, shaming, and degrading comments","added ""control"" to label name"
2,economic,Economic abuse / control,"refers to economic abuse and control, including control and monitoring of an abused person's finances","added ""abuse / control"" to label name"
1,consent,Issue of consent,"refers to issues of consent, including defining consent and the ""consent defense""","added ""issues of"" to label name"
1,witness,Witnessing violence,"refers to exposure to violent acts, including acts of war, terrorism, and gun violence, not include child exposure to domestic violence perpetrated by a member of the household (see “exposure” under Children)",
1,structural,Structural violence,"refers to violence built into social and institutional structures that causes people distress, pain, or suffering and / or prevents them from accessing systems and resources to which they have a right",
2,politicalop,Political system,"refers to structural violence in political systems, including voter suppression practices",
2,legalop,Legal system,"refers to structural violence in legal systems, including marginalizing laws and barriers to access to legal services",
2,occupational,Workplace policies and system,"refers to structural violence in workplace policies and systems, including barriers to access to employment or abortion / birth control through employer health insurance",
2,healthcare,Healthcare system,"refers to structural violence in health care policies and systems, including barriers to access to abortion and / or birth control",
2,education,Educational system,"refers to structural violence in educational systems, including barriers to education for women or low income people",
2,creed,Religious or ritualized structure,"refers to structural violence in religious or ritualized beliefs, practices, and organizations",
3,cutting,Female genital cutting and circumcision,"refers to female genital mutilation, female genital cutting, and / or female circumcision",
1,op,Systems of oppression,refers to socially and culturally constructed ideologies and patterns of behavior that oppress historically and institutionally disempowered groups,
2,racism,Racism ,"refers to negative attitudes, stereotypes, violence and / or discriminatory action based on ethnicity / race (including white supremacy)",
2,sexism,Sexism,"refers to negative attitudes, stereotypes, violence and / or discriminatory action based on sex / gender",
2,heteronorm,Heteronormativity,refers to interventions and responses that reinforce that structural primacy and normalcy of heterosexuality in society,
2,classism,Classism,"refers to negative attitudes, stereotypes, violence and / or discriminatory action based on class",
2,xeno,Xenophobia,"refers to negative attitudes, stereotypes, violence and / or discriminatory action toward immigrants or foreigners",
2,colonialism,Colonialism,refers to policy or practice of acquiring or exerting full or part political control over another country,
2,ableism,Ableism,refers to discriminatory practices that favor able-bodied people,
2,homophobia,Homophobia,"refers to negative attitudes, stereotypes, violence and / or discriminatory action based on sexual orientation, including both polysexualities and monosexualities",
2,transphobia,Transphobia,"refers to negative attitudes, stereotypes, violence and / or discriminatory action based on trans, gender variant, or non-binary gender identity",
2,antisemitism,Antisemitism,"refers to negative attitudes, stereotypes, violence and / or discriminatory action toward Jews",
2,islamophobia,Islamophobia,"refers to negative attitudes, stereotypes, violence and / or discriminatory action toward Muslims",newly added tag
1,suicide,Suicide,"refers to attempted or completed, and / or suicidal ideation",
1,weapons,Use of weapons,"refers to the use of weapons, including knives, blunt objects, guns etc.","label name changed from ""weapons"" to ""use of weapons"""
1,crime,General criminal activity,refers to general criminal activity ,"label name changed from ""other"" to ""general"""
1,,Non-sexual violence,may or may not be committed alongside sexual violence,added a note
2,murder,Murder,refers to homicide committed by a perpetrator against anyone other than a current or former intimate partner,
2,physical,Physical violence,"refers to physical violence committed by a perpetrator against anyone other than a current or former intimate partner (see also ""Corporal punishment"" under Children for physical violence committed against minors).",
2,animal,Animal abuse,"refers to physical abuse of animals, often committed alongside spousal abuse","changed label name from ""animal"" to ""animal abuse"""
2,violence,"Gender-based violence (including ""femicide"")","refers to violence committed specifically on the basis of gender, including honor killings and femicide",
2,lynch,Lynching,"refers to racial terrorism via public, premeditated, extrajudicial killing",newly added tag
1,labor,Forced labor,"refers to all types of coerced work that an individual must do against their will, including prison labor",newly added tag
2,chattel,Chattel slavery,"refers to forced labor wherein race is constructed to create a class of laborers who are under the complete domination of owners who have powers of life and death over them, can sell and transfer them at will, and has full control over their daily and domestic life including their offspring",newly added tag
1,indentured,Indentured servitude,refers to a mutual agreement wherein a laborer is compelled to work in order to repay a debt (contract conditions may be illegal and / or vastly more beneficial to the employer than the laborer),newly added tag
1,masculinity,Masculinity,"refers to a social construct affecting men, boys, and / or male behavior",
1,myth,Rape myths,"refers to myths about rape and other forms of sexual assault, upheld by cultural norms and sometimes social structures",
1,revictimization,Revictimization,refers to multiple victimizations of one person by the same or a different perpetrator over the course of the victim / survivor’s lifetime,
1,retrauma,Retraumatization,"refers to multiple experiences of trauma over a lifetime, often completed by governmental, legal, and / or healthcare systems",
1,recidivism,Recidivism,refers to repeated perpetration and punishments,
1,cycle,Cycle of violence,"refers to cycle of violence in which people who are abused, especially as children, become abusers themselves","newly added definition, changed label"
1,intergentrauma,Intergenerational trauma,refers to intergenerational trauma caused by oppression,newly added tag
1,stigma,Stigma,refers to the shame or disgrace felt or assigned to a characteristic or circumstance,
1,guilt,Guilt,refers to internalized feelings of self-blame or shame discussed either as a risk factor for victimization or as a result of having witnessed and / or experienced abuse or assault,
1,memory,Memory,refers to the memory of victims / survivors or witnesses of sexual assault or intimate partner violence,
1,genetics,Genetic determinants,refers to genetic determinants and / or hereditary links as an influential factor in the perpetration of or exposure to gender violence,"added ""determinants"" to label"
1,media,Media and visual culture,refers to representations of violence in media and visual culture,
2,socialmedia,Social media,"refers to representations of violence, rhetoric that enforces violence, and resistance against violence on social media platforms (for scenarios that social media is the tool for abuse like , see also “cyber” under ""Stalking"")","newly added, proposed label name"
2,television,Television,refers to representations of violence on television,
2,celebrities,Violence against and by celebrities,refers to violence perpetrated by and / or against celebrities,
2,news,News media,refers to representations of violence in news media,"changed label name to ""News media"""
2,porn,Pornography,"refers to representations of violence in pornography, the effects of pornography, and / or its underlying messages",
2,fiction,Fiction,refers to representations of violence in non-scholarly fictional literature,
2,nonfiction,Non-fiction,refers to representations of violence in non-scholarly nonfictional literature,
2,comic,Comic books,refers to representations of violence in comic books,
2,film,Film,refers to representations of violence in film,
2,music,Music,refers to representations of violence in music and music videos,
2,videogame,Video games,refers to representations of violence in video games,
2,comedy,Stand-up comedy,refers to representations of violence in stand-up comedy,
2,theater,Theater,refers to reprentations of violence in theatrical productions,
0,,Responses,,
1,international,International governing bodies and NGOs,refers to international responses from governing bodies like the UN and international non-governmental organizations (NGOs),
1,judicial,Judicial proceedings,refers to any and all judicial proceedings in response to structural or interpersonal violence,
2,collegiate,College judiciary,refers to judicial proceedings for sexual assault carried out by a college judiciary board or similar governing body,
2,dvcourt,Domestic violence and family courts,refers to responses from courts specifically designed to handle issues of domestic violence and / or child custody,
2,protection,Orders of protection,"refers to orders of protection, also known as restraining orders and protective orders, and issues related to their access and enforcement",
2,court,Criminal proceedings,refers to judicial proceedings involving one or more criminal charge,
2,custody,Custody rulings,refers to judicial rulings related to the custody of children and dependents,"changed label name to ""Custody rulings"""
3,visitation,Supervised visitation,refers to court rulings and regulations for supervised visitation of children ,
2,restorative,Restorative justice,"refers to judicial system that prioritizes victim / survivor agency, the role of the community, harm reparation through reconciliation, and rehabilitation instead of punishment",
2,expert,Expert testimony in trial proceedings,refers to advice for prosecutors concerning expert testimony in trial proceedings,
1,enf,Law enforcement,"refers to action taken by law enforcement agencies and / or employees, including police and / or prosecutors",
2,mandatoryarrest,Mandatory arrest,refers to policies regarding mandatory arrest in cases involving domestic violence,
2,stateenf,Intra-state,refers to law enforcement policies of a state or international equivalent,
2,interstateenf,Inter-state and / or federal,"refers to law enforcement policies of the federal government, as well as any other inter-state legal cooperation, or international equivalent",
2,registry,Sex offender registries,refers to state or federal registries for convicted sex offenders,
1,leg,Policy and legislation,refers to policies and legislation as responses and associated issues,
2,nationalleg,National ,refers to policies and legislation on a national level,
2,stateleg,State,refers to policies and legislation on a state level or international equivalent,
2,cityleg,Municipal,"refers to policies and legislation in a specific district or municipality, such as a city, school district, or Indian reservation",
1,intervention,"Education, training, and intervention programs","refers to programs for education, training, and / or rehabilitation in response to specific and / or structural violence (see “bystander” for bystander intervention)",
2,batterer,Batterer intervention,"refers to Programs for perpetrators aimed at reducing their risk of recidivism, i.e. becoming repeat offenders",
3,program,Group programs,refers to group intervention programs for perpetrators,
3,counseling,Individual counseling,refers to individual intervention programs for perpetrators,
2,malecon,Male consciousness raising,"refers to consciousness-raising among men involving discussion of masculinity, including fathering groups and boys' groups",
2,school,School and campus education programs ,"refers to programs in K-12 or primary and secondary schools schools and on college campuses to educate students, faculty, and staff ",
2,work,Workplace education programs,"refers to educational workplace programs, including diversity training and anti-harassment programs",
2,medical,Intervention by / for medical professionals,refers to interventions enacted by and for medical professionals,
2,ph,Public health outreach programs,refers to outreach programs based on a public health model / framework,
2,informed,Trauma-informed approaches and interventions,refers to explicitly trauma-informed approaches and interventions,
1,community,Community initiatives,refers to initiatives developed by communities rather than a legal or governmental body,
2,grassroots,Grassroots activism,"refers to non-hierarchical, community-based activism and aid systems",
2,notification,Community notification,refers to community notification of the presence of sex offenders or other violence in the community,"changed label name from ""Notification"" to ""Community notification"""
2,safety,Safety planning,"refers to creation of a plan for the safety of victims / survivors, including options for income, shelter, and legal redress",
2,risk,Risk factors and assessment,refers to risk factors and assessment thereof,"changed label name from ""Risk"" to ""Risk factors and assessment"""
2,shelter,Shelters for IPV survivors,refers to shelters for victims / survivors of intimate partner violence (see also “homeless”),"changed label name from ""Shelters"" to ""Shelters for IPV victims"""
2,hotline,Crisis hotlines,refers to hotlines for victims / survivors of sexual and / or intimate partner violence,
2,center,Centers that offer walk-in resources,"refers to centers that offer walk-in resources, including health screenings",
2,hospital,"SART, SANE, ER and other team responses","refers to Sexual Assault Response Teams (SART), Sexual Assault Nurse Examiners (SANE), and ER professionals attending to victims / survivors of sexual or intimate partner violence in hospital settings","changed tag to ""hospital"" (align with the schema). changed label name"
2,faith,Faith-based initiatives,refers to initiatives implemented by religious organizations and / or according to faith-based goals and / or values,
2,friend,Survivor's social supports,"refers to victim / survivor's social support system, including friends, family and coworkers","changed label name from ""Friends"" to ""Victim's social supports"""
2,volunteers,Volunteer management and preparation,refers to strategies for volunteer management and preparation,
2,coordinated,Coordinated community response,refers to a set of strategies to combat gender violence on the community level that involves cooperation between multiple institutions,
2,adv,Community advocacy,refers to advocacy programs created or run on the community level,
3,courtadv,Court,refers to advocacy programs within domestic violence courts and / or family courts,
3,personadv,Survivor-centered,refers to advocacy programs and / or response systems that prioritize the needs of the victim / survivor,"changed label name from ""Woman- and survivor-centered"" to ""Survivor-centered"""
3,familyadv,Family-centered,refers to advocacy and response systems designed to keep the family intact,
3,childadv,Child-centered,refers to advocacy and response systems that prioritize the needs of the child,
1,,Psychological interventions,,
2,psychiatry,Psychiatric treatment,refers to medical treatment for mental illness and associated issues,"changed label name from ""Psychiatric assistance"" to ""Psychiatric treatment""; added definition"
2,therapy,Individual therapy,"refers to individual therapy for mental illness and associated issues, including counseling",
2,couples,Couples therapy,refers to couples therapy concerning intimate partner violence in relationships,
2,family,Family therapy,refers to family therapy concerning domestic violence,newly added tag
2,mediation,Third party mediation,"refers to solution-focused, third-party intervention in an interpersonal dispute (see also “collegiate”)","newly added tag, label name ""Thrid party mediation"""
2,group,Group therapy,"refers to group therapy for victims / survivors, including counseling",
1,profreg,Regulations for and obligations of professionals employed by the state,refers to regulations for and obligations of professionals employed by the state,"newly added tag ""profreg"""
2,socialwork,Regulations for social workers,refers to regulations for and obligations of social workers regarding mandatory reporting,
2,teacher,Regulations for teachers,refers to regulations for and obligations of teachers regarding mandatory reporting,
1,,Reporting,,
2,self,Self reporting,refers to self-reporting or disclosure by victims / survivors and / or perpetrators,
2,mandatory,Mandatory reporting,"refers to the legal obligation to report suspected abuse, i.e. mandatory reporting",
1,coping,Coping mechanism,"refers to behaviors and actions, healthy or unhealthy, intended to reduce stress and / or distress, including self-care practices",
2,copingfam,Coping (family),refers to coping mechanisms on the family level,
2,copingind,Coping (individual),refers to coping mechanisms on the individual level,
1,resistance,Self-defense / resistance,"refers to self-defense, including formal training and / or informal actions taken by individuals to avoid or resist violence",
1,bidirectional,Bidirectional intimate partner violence,refers to articles specifically describing intimate partner violence that is bidirectional,"newly added tag; label name ""Bidirectional intimate partner violence"""
1,resilience,Resilience,"refers to resilience as the characteristic of victims / survivors to overcome trauma and adversity, including post-traumatic growth",
0,,Source type and methodology,,"changed category name from ""Source Type"" to ""Source type and methodology"""
1,,Source type,,
2,scholar,Scholarly article in a peer-reviewed journal or publication,refers to an article that appears in a peer-reviewed scholarly journal,
2,nonscholar,Non-scholarly article,"refers to any item that is not a scholarly article, whether or not it appears in a peer-reviewed journal",
2,review,Law review article,refers to a scholarly article that appears in a law review,
2,econeffects,Studies on the economic effects of abuse on society,refers to source that concerns the macroeconomic effects of gender violence in society,"changed tag from ""effect"" to ""econeffect"" (align with the schema)"
2,stats,Statistical,"refers to source that is primarily statistical in nature, rather than an article containing statistics",
2,profile,Profile,"refers to source that develops a profile for rapists, abusers, batterers, survivors / victims, etc.",
2,auto,Autobiographical (memoir / personal narrative),"refers to source that is autobiographical in nature, such as a memoir or an individual story, told by one or more victims / survivors, field practitioners, or researchers","changed label name from ""Memoir or personal narrative"" to ""Autobiographical (memoir / personal narrative)"""
2,anecdotal,Anecdotal report by practitioner,refers to source that consists of or includes anecdotal report(s) by one or more field practitioners,"changed label name from ""Anecdotal"" to ""Anecdotal report by practitioner"""
2,need,Needs assessment,refers to needs assessment of a given institution or population,
2,handbook,Handbook or practitioner guide ,refers to handbook or practitioner guide for workers in the field of gender violence,
2,filmreview,Film review,"refers to a review of a video, film or documentary",
2,doc,Documentary film,"refers to documentary film or miniseries, i.e. nonfiction media based in fact",newly added tag
2,bookreview,Book review,refers to a review of a published book,
2,poem,Poem,refers to poem or review of a poem,
2,critique,Critique,refers to critique and / or review of scholarship and developments in specific reference to a previous study,
2,resp,Respond to a critique of a previous study,refers to source that specifically responds to a critique of a previous study,added label name and definition
2,,Funding sources,,
3,gov,U.S. government,refers to study or source funded by the US government,"changed label name to ""U.S. government"""
3,ngo,Non-profit / NGO,refers to study or source sponsored by an NGO,
3,sponsored,Sponsored by an agency of a sovereign nation,"refers to study or source funded by a government of a sovereign nation other than the US, excluding the UN",
1,,Methodology,,
2,socialsci,Social science article,"refers to study that takes a social science approach, including adherence to the scientific method",
2,sys,Systematic review of statistical data,"refers to study that performs a statistical analysis of all the data available on a given topic, i.e. a meta-analysis","changed label name from ""Systematic review"" to ""Systematic review of statistical data"""
2,meta,Meta studies,refers to source that provides an overview of past research and scholarly developments on a given topic (see also “sys”),
2,rct,Randomized control trial,"refers to blind or double-blind study using randomized selection of participants, experimental conditions, and a control group for comparison",
2,exp,Experimental study,"refers to study that explicitly identifies its design as experimental, usually including a control group","changed label name from ""experimental design"" (which is same with ""design"") to ""experimental study"""
2,sgd,Single group design,refers to study that explicitly identifies its design as experimental but does not include a control group,
2,quasi,Quasi-experimental design,refers to study with a quasi-experimental design lacking randomized selection of participants,
2,longitudinal,Longitudinal study,refers to study with a research design involving repeated observations of the same variables over a period of time,"changed label name from ""Studies about the longitudinal effects of abuse"" to ""Longitudinal study"""
2,qualitative,Qualitative study,refers to study that uses primarily qualitative methods,added definition
2,explore,Exploratory study,refers to exploratory study designed to provide the foundation for further in-depth research,
2,design,Design / methodology as a category of analysis,refers to sources that discuss research design and / or methodology as a category of analysis,"changed label name from ""experiment design"" to ""Design / methodology as a category of analysis"""
2,ethics,Ethics of research as a category of analysis,refers to sources that discuss the ethics of research as a category of analysis,"changed label name from ""ethics"" to ""ethics of research as a category of analysis"""